Name	Title	Coding
t2_t3az0spk	Has anyone gotten their exam lost by SAA	Adminstation 
t2_hh9psm5n	Anth 302 info?	Courses 
t2_e9yquda	"comp330 final, harsh grading or is it just me"	Complaints 
t2_19jway39dt	Sociology vs. English Cultural Studies	Courses 
t2_cyliw0wga	ISLA 210	Courses 
t2_9inafuxk	Poli317	Courses 
t2_qhrq98h1	Francophone people to hang out with	Student life 
t2_sk7kvp6y	BIOL202 or ANAT262?	Courses 
t2_1atjikqudc	Dynamics 15th edition	Courses 
t2_494k0wsi	masters acceptance	Graduate 
t2_ko7llz6gb	PSYC 306 or PSYC 410?	Courses 
t2_dafnbnpk1	PHAR 565 vs PHAR 504 vs PHAR 540	Courses 
t2_1ovzpfshh0	Wcom 150??	Courses 
t2_io4iqgms	Fall graduation &amp; no grades yet	Courses 
t2_1xh047fcbm	BIOL202 and BIOL201	Courses 
t2_bpb1ml15	Which classes should I keep	Advice 
t2_25m0j33k12	math447 or math525	Courses 
t2_bydz0es5	Tips for returning student / class group chats?	Student life 
t2_bps3avsg	Is my payment going to be applied or not?	Adminstation 
t2_q15zu79q	I got a D but I'm 2% away from passing	Grades 
t2_210lbo7rwi	ragan macroeconomics 18th edition	Textbooks 
t2_1k8i19sjff	Gillian Oâ€™driscoll Mcgill Psyc 306	Courses 
t2_1itvn7jaf4	Winter Class suggestions?	Courses 
t2_dk4ipz48	"MATH 525, 223 recordings?"	Courses 
t2_1iotfxjs7a	need last minute winter elective recommendations- dropped a course	Courses 
t2_76c7ccd0	Online Science Graduate Courses	Courses 
t2_rn4fhv0l	BIOL 302 equivalent to BIOL 202 for degree requirement?	Adminstation 
t2_ayx1ikk0d	Is McGill becoming too easy/losing rigour?	Complaints 
t2_1qpccxbgsm	"Biol202,biol201"	Courses 
t2_1ae3anhl4c	MATH 204 Credit After MATH 324	Adminstation 
t2_25lnw0fxvp	Chem	Courses 
t2_1bl59lw7r4	Poli331 vs poli358	Courses 
t2_pd9i0wdk	Poli 435 vs Poli 342	Courses 
t2_q1mo480n	phgy502 difficulty?	Courses 
t2_1bl59lw7r4	Poli317 80% essay	Courses 
t2_bpb1ml15	advice for a light semester	Advice 
t2_90emeelk	RELG 341 WINTER SEM	Courses 
t2_t0mwynbv	did anybody get econ 313 grades back on minerva?	Adminstation 
t2_4uqzgly5p	No Final Grade for Phil 200?	Grades 
t2_2akqz6w6	I updated my visual degree mapper project! The one that can map out your entire degree!	Student life 
t2_4mqps4fv	What to do ðŸ˜­	Advice 
t2_mkmdpuoe	Dose the semester begin yet ?	Adminstation 
t2_p4gtxlutm	RELG204 elective	Courses 
t2_1gv3pst711	psyc 342 vs 471	Courses 
t2_due2xrkg	J grade in LING360	Grade 
t2_hbeln2se	Can a professor still change a final grade if I havenâ€™t seen my exam yet?	Adminstation 
t2_njhtwd4j0	Switching majors: Cultural Studies	Adminstation 
t2_89e78f8g	comp 579 (RL) or ecse 552 (DL)	Courses 
t2_lsvgh2trf	Losing keys	Student life 
t2_olpvuf416	Do Js and Fs give credit?	Adminstation 