Name,Title,Coding,LLM_Annotation
t2_ftlmp4jey,Any well paying summer internships I can do as a poli sci student,student life,student life
t2_lredtcb7,ENGR 242 grades are OUT,grades,grades
t2_dtm8avec2,Reference letters written in French,adminstation,administration
t2_1k83h5d0uk,"Can an applicant be accepted into both their first and second choice programs simultaneously, or does an offer for the first choice automatically cancel the evaluation of the second?",adminstation,administration
t2_13anoka91p,Conditional &amp; failed standing,adminstation,administration
t2_8c5ef3br,has anyone taken a class with kyan salehi?,courses,courses
t2_77gnisd8,Building a tool for spontaneous hangouts at Concordia,student life,student life
t2_1c9j1jiy4h,Looking for 2D Animator,student life,student life
t2_jvqkqjg9,retaking course?,adminstation,advice
t2_235vdrm2j1,Certificate switch to Eng,adminstation,administration
